Date,Mood
2025-03-09,Neutral
2025-03-08,Happy
2025-03-07,Sad
2025-03-06,Angry
2025-03-05,Neutral
2025-03-04,Happy
2025-03-03,Sad
2025-03-02,Angry
2025-03-01,Neutral
2025-02-28,Sad
2025-02-27,Sad
2025-02-26,Sad
2025-02-25,Sad
2025-02-24,Sad
2025-02-23,Happy
2025-02-22,Happy
2025-02-21,Happy
2025-02-20,Happy
2025-02-19,Happy
2025-02-18,Happy
2025-02-17,Happy
2025-02-16,Happy
2025-02-15,Happy
2025-02-14,Happy
2025-02-13,Happy
2025-02-12,Happy
2025-03-09,Happy
2025-03-09,Happy
2025-03-09,Happy


2025-04-16,Neutral
